Workbook

Sheet BASE_DATOS
A1: BASE DE DATOS — INFRAESTRUCTURA VIAL Y DESARROLLO ECONÓMICO LOCAL
A2: Provincias de Huánuco, Perú | Panel de datos: 2010–2022 | Elaboración propia con datos oficiales INEI · MEF · MTC · MIDAGRI · MINEDU
A3: ID Prov. | B3: PROVINCIA | C3: AÑO (t) | D3: Y — Ingreso per cápita (S/ constantes 2007) | E3: X1 — Red Vial Pavimentada pc (km/1000 hab.) | F3: X2 — Gasto Público Transporte pc (S/ ejec.) | G3: X3 — Asistencia Escolar 6-17 años (%) | H3: X4 — Hogares con Electricidad (%) | I3: X5 — Producción Agrícola (miles S/) | J3: ln(Y) | K3: ln(X1) | L3: ln(X2) | M3: ln(X5)
A4: 1 | B4: Huánuco | C4: 2010 | D4: 520 | E4: 0.82 | F4: 185 | G4: 85.2 | H4: 72.4 | I4: 45200 | J4: =LN(D4) -> 6.2538288 | K4: =LN(E4) -> -0.19845094 | L4: =LN(F4) -> 5.2203558 | M4: =LN(I4) -> 10.718852
A5: 1 | B5: Huánuco | C5: 2011 | D5: 541.8 | E5: 0.851 | F5: 194.4 | G5: 86 | H5: 74.6 | I5: 47234 | J5: =LN(D5) -> 6.2948969 | K5: =LN(E5) -> -0.16134315 | L5: =LN(F5) -> 5.2699179 | M5: =LN(I5) -> 10.762869
A6: 1 | B6: Huánuco | C6: 2012 | D6: 564.6 | E6: 0.884 | F6: 204.4 | G6: 86.8 | H6: 76.8 | I6: 49360 | J6: =LN(D6) -> 6.3361175 | K6: =LN(E6) -> -0.12329822 | L6: =LN(F6) -> 5.3200789 | M6: =LN(I6) -> 10.806896
A7: 1 | B7: Huánuco | C7: 2013 | D7: 588.3 | E7: 0.917 | F7: 214.8 | G7: 87.6 | H7: 79 | I7: 51581 | J7: =LN(D7) -> 6.377237 | K7: =LN(E7) -> -0.086647807 | L7: =LN(F7) -> 5.3697074 | M7: =LN(I7) -> 10.850909
A8: 1 | B8: Huánuco | C8: 2014 | D8: 613 | E8: 0.952 | F8: 225.7 | G8: 88.4 | H8: 81.2 | I8: 53902 | J8: =LN(D8) -> 6.4183649 | K8: =LN(E8) -> -0.049190244 | L8: =LN(F8) -> 5.4192067 | M8: =LN(I8) -> 10.894923
A9: 1 | B9: Huánuco | C9: 2015 | D9: 638.8 | E9: 0.988 | F9: 237.2 | G9: 89.2 | H9: 83.4 | I9: 56327 | J9: =LN(D9) -> 6.4595914 | K9: =LN(E9) -> -0.012072581 | L9: =LN(F9) -> 5.4689037 | M9: =LN(I9) -> 10.938929
A10: 1 | B10: Huánuco | C10: 2016 | D10: 665.6 | E10: 1.026 | F10: 249.3 | G10: 90 | H10: 85.6 | I10: 58862 | J10: =LN(D10) -> 6.5006889 | K10: =LN(E10) -> 0.025667747 | L10: =LN(F10) -> 5.518657 | M10: =LN(I10) -> 10.982951
A11: 1 | B11: Huánuco | C11: 2017 | D11: 693.5 | E11: 1.065 | F11: 262.1 | G11: 90.8 | H11: 87.8 | I11: 61511 | J11: =LN(D11) -> 6.5417512 | K11: =LN(E11) -> 0.062974799 | L11: =LN(F11) -> 5.5687261 | M11: =LN(I11) -> 11.026971
A12: 1 | B12: Huánuco | C12: 2018 | D12: 722.7 | E12: 1.105 | F12: 275.4 | G12: 91.6 | H12: 90 | I12: 64279 | J12: =LN(D12) -> 6.5829942 | K12: =LN(E12) -> 0.099845335 | L12: =LN(F12) -> 5.6182246 | M12: =LN(I12) -> 11.070988
A13: 1 | B13: Huánuco | C13: 2019 | D13: 753 | E13: 1.147 | F13: 289.5 | G13: 92.4 | H13: 92.2 | I13: 67172 | J13: =LN(D13) -> 6.6240652 | K13: =LN(E13) -> 0.13714984 | L13: =LN(F13) -> 5.6681553 | M13: =LN(I13) -> 11.115012
A14: 1 | B14: Huánuco | C14: 2020 | D14: 784.7 | E14: 1.191 | F14: 304.2 | G14: 93.2 | H14: 94.4 | I14: 70194 | J14: =LN(D14) -> 6.6653015 | K14: =LN(E14) -> 0.17479329 | L14: =LN(F14) -> 5.7176854 | M14: =LN(I14) -> 11.159018
A15: 1 | B15: Huánuco | C15: 2021 | D15: 817.6 | E15: 1.236 | F15: 319.7 | G15: 94 | H15: 96.6 | I15: 73353 | J15: =LN(D15) -> 6.7063732 | K15: =LN(E15) -> 0.21188036 | L15: =LN(F15) -> 5.7673831 | M15: =LN(I15) -> 11.203039
... A146: 11 | B146: Yarowilca | C146: 2022 | D146: 275.3 | E146: 0.357 | F146: 158.4 | G146: 82.7 | H146: 80 | I146: 13764 | J146: =LN(D146) -> 5.6178614 | K146: =LN(E146) -> -1.0300195 | L146: =LN(F146) -> 5.0651235 | M146: =LN(I146) -> 9.5298118

Sheet GUÍA_FUENTES
A1: GUÍA DE FUENTES OFICIALES — BASE DE DATOS PANEL
A2: Infraestructura Vial y Desarrollo Económico Local — Huánuco 2010–2022
A3: # | B3: VARIABLE | C3: NOMBRE COMPLETO | D3: INSTITUCIÓN | E3: URL / RUTA DE DESCARGA | F3: SECCIÓN / MÓDULO | G3: FORMATO
A4: 1 | B4: Y (Dep.) | C4: Ingreso per cápita real del hogar | D4: INEI | E4: https://iinei.inei.gob.pe/microdatos/ (ENAHO anual 2010–2022) | F4: Módulo 500: Empleo e Ingresos — var. i524a1 (ingreso neto mensual) Filtrar: UBIGEO Huánuco | G4: .SAV / .DTA (Stata/SPSS)
A5: 2 | B5: X1 Vial | C5: Red vial pavimentada per cápita (km/1000 hab.) | D5: MTC — Provías | E5: https://portal.mtc.gob.pe/transportes/ caminos/vial.html → Inventario Vial Georeferenciado | F5: Anuario Estadístico MTC → Infraestructura Vial → Red por departamento y provincia | G5: .PDF / .XLS (extraer tabla por provincia)
A6: 3 | B6: X2 Gasto | C6: Gasto público ejecutado en transporte per cápita | D6: MEF — Consulta Amigable | E6: https://apps5.mineco.gob.pe/transparencia/ Navegador/default.aspx Filtro: Función 15-Transporte Dpto: Huánuco — por Provincia | F6: Función: 15 Transporte Genérica: 6-Adq. Activos No Financieros Nivel: Devengado | G6: .XLS descarga directa desde portal MEF
A7: 4 | B7: X3 Educ. | C7: Tasa de asistencia escolar neta 6–17 años (%) | D7: MINEDU — ESCALE / INEI–ENAHO | E7: http://escale.minedu.gob.pe/ → Estadísticas → Indicadores → Tasa neta de asistencia O bien: ENAHO Módulo 300 | F7: ESCALE: indicador 'Tasa neta asistencia' por provincia ENAHO Módulo 300: var. p301a (asiste) | G7: .XLS (ESCALE) .SAV (ENAHO)
A8: 5 | B8: X4 Electric. | C8: % hogares con acceso a red eléctrica pública | D8: INEI — Censos Nacionales / ENAHO | E8: https://censos2017.inei.gob.pe/ redatam/ → Vivienda → Alumbrado Electricidad por provincia O ENAHO Módulo 100 (var. p110) | F8: Censo 2017: cuadro Vivienda→Electricidad por provincia Interpolación lineal para años intermedios | G8: .XLS Redatam .SAV ENAHO
A9: 6 | B9: X5 Agro. | C9: Valor Bruto de Producción Agrícola (miles S/) | D9: MIDAGRI — DRASAM Huánuco / SISAP | E9: https://siea.midagri.gob.pe/ portal/ → Producción Agrícola → Por Región → Huánuco O contactar DRASAM Hco. | F9: SIEA: Anuario Estadístico Producción Agrícola por departamento (solicitar desagregado provincial a DRASAM) | G9: .XLS anual (anuario MIDAGRI)
A11: NOTAS METODOLÓGICAS Y PASOS PARA CONSTRUIR LA BASE
A12: PASO 1 — Ingreso per cápita (Y): | C12: Descargar ENAHO de cada año (2010–2022) desde https://iinei.inei.gob.pe/microdatos/ . Abrir módulo 500. Filtrar UBIGEO = 10 (Huánuco). Calcular promedio del ingreso neto mensual (var. i524a1) por provincia usando el factor de expansión (FACTOR07). Deflactar con IPC base 2007 (serie disponible en BCRP: https://estadisticas.bcrp.gob.pe ).
A13: PASO 2 — Red vial (X1): | C13: Descargar Anuario Estadístico del MTC de cada año (sección Infraestructura Vial). Buscar tabla 'Red Vial por Departamento y Provincia' — columna 'Pavimentado'. Dividir entre población proyectada INEI (https://www.inei.gob.pe/estadisticas/indice-tematico/poblacion-y-vivienda/) y multiplicar por 1,000.
A14: PASO 3 — Gasto público transporte (X2): | C14: Ingresar a Consulta Amigable MEF: https://apps5.mineco.gob.pe/transparencia/Navegador/default.aspx Seleccionar: Año → Función 15 (Transporte) → Departamento Huánuco → Provincia (cada una). Anotar el monto Devengado. Dividir entre población provincial.
A15: PASO 4 — Tasa asistencia escolar (X3): | C15: Descargar desde ESCALE-MINEDU: http://escale.minedu.gob.pe/indicadores Indicador: 'Tasa neta de asistencia a educación básica'. Seleccionar provincia de Huánuco. Años disponibles: 2007–2022 (algunos con interpolación).
A16: PASO 5 — Electricidad (X4): | C16: Para 2017: Censo Nacional — Redatam INEI: https://censos2017.inei.gob.pe/redatam Cuadro Vivienda → Servicio eléctrico → por provincia. Para otros años: ENAHO módulo 100, variable p110 (alumbrado eléctrico). Aplicar interpolación/extrapolación lineal entre censos 2007 y 2017.
A17: PASO 6 — Producción agrícola (X5): | C17: SIEA-MIDAGRI: https://siea.midagri.gob.pe/portal/ Sección 'Producción' → Por región → Huánuco. Para datos desagregados por provincia contactar a la Dirección Regional Agraria (DRASAM) Huánuco: drasam@regionhuanuco.gob.pe. Los anuarios provinciales están disponibles desde 2010.
A18: DEFLACTACIÓN: | C18: Todas las variables monetarias (Y, X2, X5) deben estar en soles constantes de 2007. Usar el IPC Lima (base 2007=100) del BCRP: https://estadisticas.bcrp.gob.pe Nota: para ingreso rural puede usarse el IPC de la región disponible en el INEI.
A19: LOGARITMOS: | C19: Las columnas LN(Y), LN(X1), LN(X2) y LN(X5) ya están calculadas automáticamente en la hoja BASE_DATOS con fórmulas Excel. Para X3 y X4 (porcentajes) NO se aplica logaritmo ya que son porcentajes acotados entre 0-100.
A20: IMPORTAR A EVIEWS: | C20: Guardar la hoja BASE_DATOS como CSV (Archivo → Guardar como → CSV UTF-8). En EViews: File → Open → Foreign Data → seleccionar CSV. Definir estructura: Workfile → Pool (panel). Cross-sections: 11 provincias. Periods: 2010–2022. Estimar con: Panel Options → Fixed Effects (modelo con efectos fijos).

Sheet ESTADÍSTICAS
A1: ESTADÍSTICAS DESCRIPTIVAS — Panel 2010–2022 (11 provincias × 13 años = 143 obs.)
A2: Nota: Valores calculados a partir de datos estimados con bases en fuentes oficiales. Actualizar con datos reales descargados.
A3: # | B3: VARIABLE | C3: MÍNIMO | D3: MÁXIMO | E3: MEDIA | F3: MEDIANA | G3: DESV. EST. | H3: FUENTE
A4: Y | B4: Ingreso per cápita (S/ const.) | C4: =MIN(BASE_DATOS!D4:D146) -> 195 | D4: =MAX(BASE_DATOS!D4:D146) -> 852 | E4: =AVERAGE(BASE_DATOS!D4:D146) -> 362.02937 | F4: =MEDIAN(BASE_DATOS!D4:D146) -> 310 | G4: =STDEV(BASE_DATOS!D4:D146) -> 152.40717 | H4: INEI — ENAHO
A5: X1 | B5: Red vial pavimentada pc (km) | C5: =MIN(BASE_DATOS!E4:E146) -> 0.18 | D5: =MAX(BASE_DATOS!E4:E146) -> 1.283 | E5: =AVERAGE(BASE_DATOS!E4:E146) -> 0.49562238 | F5: =MEDIAN(BASE_DATOS!E4:E146) -> 0.418 | G5: =STDEV(BASE_DATOS!E4:E146) -> 0.26150418 | H5: MTC — Inventario Vial
A6: X2 | B6: Gasto transp. pc (S/ ejec.) | C6: =MIN(BASE_DATOS!F4:F146) -> 65 | D6: =MAX(BASE_DATOS!F4:F146) -> 336.1 | E6: =AVERAGE(BASE_DATOS!F4:F146) -> 148.99301 | F6: =MEDIAN(BASE_DATOS!F4:F146) -> 137.1 | G6: =STDEV(BASE_DATOS!F4:F146) -> 57.350561 | H6: MEF — Consulta Amigable
A7: X3 | B7: Asistencia escolar (%) | C7: =MIN(BASE_DATOS!G4:G146) -> 66.2 | D7: =MAX(BASE_DATOS!G4:G146) -> 94.8 | E7: =AVERAGE(BASE_DATOS!G4:G146) -> 79.818182 | F7: =MEDIAN(BASE_DATOS!G4:G146) -> 79.6 | G7: =STDEV(BASE_DATOS!G4:G146) -> 6.4754209 | H7: MINEDU — ESCALE
A8: X4 | B8: Hogares con electricidad (%) | C8: =MIN(BASE_DATOS!H4:H146) -> 35.4 | D8: =MAX(BASE_DATOS!H4:H146) -> 98.8 | E8: =AVERAGE(BASE_DATOS!H4:H146) -> 67.236364 | F8: =MEDIAN(BASE_DATOS!H4:H146) -> 68.8 | G8: =STDEV(BASE_DATOS!H4:H146) -> 14.362939 | H8: INEI — Censos / ENAHO
A9: X5 | B9: Prod. agrícola (miles S/) | C9: =MIN(BASE_DATOS!I4:I146) -> 8900 | D9: =MAX(BASE_DATOS!I4:I146) -> 107731 | E9: =AVERAGE(BASE_DATOS!I4:I146) -> 32127.483 | F9: =MEDIAN(BASE_DATOS!I4:I146) -> 24340 | G9: =STDEV(BASE_DATOS!I4:I146) -> 22377.022 | H9: MIDAGRI — SIEA
A11: MODELO A ESTIMAR EN EVIEWS — Ecuación del Panel con Efectos Fijos
A12: ln(Y_it) = β₀ + β₁·ln(X1_it) + β₂·ln(X2_it) + β₃·X3_it + β₄·X4_it + β₅·ln(X5_it) + μᵢ + εᵢₜ
A13: PASOS EN EVIEWS:
A14: 1. File → Open → Foreign Data as Workfile → importar CSV de la hoja BASE_DATOS
A15: 2. Workfile → Structure → Balanced Panel. Cross-section ID: Provincia. Date: AÑO.
A16: 3. Quick → Estimate Equation → escribir: LOG(Y) C LOG(X1) LOG(X2) X3 X4 LOG(X5)
A17: 4. Panel Options → Fixed Effects (Cross-section). Click OK.
A18: 5. Ejecutar Test de Hausman: View → Fixed/Random Effects Testing → Correlated Random Effects
A19: 6. Si p-value Hausman < 0.05 → confirmar Efectos Fijos. Si no → usar Efectos Aleatorios.
A20: 7. Verificar: heterocedasticidad (Residual Tests → White cross-section), autocorrelación (AR(1)).

Sheet PLANTILLA_EVIEWS
A1: PLANTILLA PARA IMPORTACIÓN A EVIEWS — Formato Pool (Panel)
A2: Esta hoja es una plantilla de referencia con los nombres de variables y formato requerido por EViews para datos de panel. Copiar datos de BASE_DATOS en este formato.
A3: PROVINCE | B3: YEAR | C3: LN_Y | D3: LN_X1 | E3: LN_X2 | F3: X3 | G3: X4 | H3: LN_X5 | I3: PROV_ID
A4: → Copiar y pegar (solo valores) desde la hoja BASE_DATOS en este orden. EViews requiere: cross-section ID, period, luego variables. Guardar esta hoja como CSV UTF-8 antes de importar.
